23115_raw,Leg fat percentage (left)
23111_raw,Leg fat percentage (right)
6138_1,Qualifications: College or University degree
23111_irnt,Leg fat percentage (right)
23099_raw,Body fat percentage
23115_irnt,Leg fat percentage (left)
23099_irnt,Body fat percentage
23123_irnt,Arm fat percentage (left)
23119_irnt,Arm fat percentage (right)
23119_raw,Arm fat percentage (right)
23123_raw,Arm fat percentage (left)
23127_raw,Trunk fat percentage
23128_irnt,Trunk fat mass
23100_irnt,Whole body fat mass
23127_irnt,Trunk fat percentage
23109_irnt,Impedance of arm (right)
23128_raw,Trunk fat mass
23116_irnt,Leg fat mass (left)
23112_irnt,Leg fat mass (right)
23124_irnt,Arm fat mass (left)
23104_irnt,Body mass index (BMI)
21001_irnt,Body mass index (BMI)
23109_raw,Impedance of arm (right)
23100_raw,Whole body fat mass
23120_irnt,Arm fat mass (right)
48_irnt,Waist circumference
23110_irnt,Impedance of arm (left)
21001_raw,Body mass index (BMI)
2178,Overall health rating
2139_irnt,Age first had sexual intercourse
23110_raw,Impedance of arm (left)
23104_raw,Body mass index (BMI)
23116_raw,Leg fat mass (left)
23112_raw,Leg fat mass (right)
48_raw,Waist circumference
6138_100,Qualifications: None of the above
23106_raw,Impedance of whole body
23106_irnt,Impedance of whole body
404_irnt,Duration to first press of snap-button in each round
23098_irnt,Weight
21002_irnt,Weight
23120_raw,Arm fat mass (right)
23098_raw,Weight
23108_raw,Impedance of leg (left)
23107_raw,Impedance of leg (right)
23108_irnt,Impedance of leg (left)
1180,Morning/evening person (chronotype)
23124_raw,Arm fat mass (left)
21002_raw,Weight
23107_irnt,Impedance of leg (right)
6138_2,Qualifications: A levels/AS levels or equivalent
924,Usual walking pace
46_raw,Hand grip strength (left)
47_raw,Hand grip strength (right)
1070,Time spent watching television (TV)
49_irnt,Hip circumference
20023_irnt,Mean time to correctly identify matches
20116_0,Smoking status: Never
46_irnt,Hand grip strength (left)
47_irnt,Hand grip strength (right)
49_raw,Hip circumference
2139_raw,Age first had sexual intercourse
23126_irnt,Arm predicted mass (left)
23126_raw,Arm predicted mass (left)
23121_raw,Arm fat-free mass (right)
23125_raw,Arm fat-free mass (left)
23122_raw,Arm predicted mass (right)
23125_irnt,Arm fat-free mass (left)
23121_irnt,Arm fat-free mass (right)
23122_irnt,Arm predicted mass (right)
23117_irnt,Leg fat-free mass (left)
23118_irnt,Leg predicted mass (left)
23113_irnt,Leg fat-free mass (right)
23105_irnt,Basal metabolic rate
23114_irnt,Leg predicted mass (right)
4080_irnt,Systolic blood pressure
4080_raw,Systolic blood pressure
23114_raw,Leg predicted mass (right)
23105_raw,Basal metabolic rate
23113_raw,Leg fat-free mass (right)
23117_raw,Leg fat-free mass (left)
23118_raw,Leg predicted mass (left)
1249,Past tobacco smoking
23102_irnt,Whole body water mass
2237,Plays computer games
23101_irnt,Whole body fat-free mass
3063_irnt,Forced expiratory volume in 1-second (FEV1)
6150_100,Vascular/heart problems diagnosed by doctor: None of the above
23102_raw,Whole body water mass
3063_raw,Forced expiratory volume in 1-second (FEV1)
3062_irnt,Forced vital capacity (FVC)
20023_raw,Mean time to correctly identify matches
23101_raw,Whole body fat-free mass
1518,Hot drink temperature
20151_irnt,Forced vital capacity (FVC)
4079_irnt,Diastolic blood pressure
30530_irnt,Sodium in urine
3062_raw,Forced vital capacity (FVC)
20150_irnt,Forced expiratory volume in 1-second (FEV1)
23129_irnt,Trunk fat-free mass
1080,Time spent using computer
23129_raw,Trunk fat-free mass
23130_irnt,Trunk predicted mass
1757,Facial ageing
20151_raw,Forced vital capacity (FVC)
20150_raw,Forced expiratory volume in 1-second (FEV1)
4079_raw,Diastolic blood pressure
23130_raw,Trunk predicted mass
6150_4,Vascular/heart problems diagnosed by doctor: High blood pressure
30530_raw,Sodium in urine
20002_1065,Non-cancer illness code
404_raw,Duration to first press of snap-button in each round
738,Average total household income before tax
2754_irnt,Age at first live birth
20160,Ever smoked
2754_raw,Age at first live birth
400_irnt,Time to complete round
1050,Time spend outdoors in summer
845,Age completed full time education
1160,Sleep duration
1200,Sleeplessness / insomnia
30510_irnt,Creatinine (enzymatic) in urine
1190,Nap during day
1458,Cereal intake
1448_1,Bread type: White
2149,Lifetime number of sexual partners
3143_raw,Ankle spacing width
399_raw,Number of incorrect matches in round
3143_irnt,Ankle spacing width
2217_raw,Age started wearing glasses or contact lenses
1558,Alcohol intake frequency.
1697,Comparative height size at age 10
1170,Getting up in morning
2714,Age when periods started (menarche)
50_irnt,Standing height
1309,Fresh fruit intake
1920,Mood swings
50_raw,Standing height
1528,Water intake
400_raw,Time to complete round
1478,Salt added to food
1319,Dried fruit intake
3064_raw,Peak expiratory flow (PEF)
20016_raw,Fluid intelligence score
20016_irnt,Fluid intelligence score
1960,Fed-up feelings
1508_3,Coffee type: Ground coffee (include espresso
1408,Cheese intake
3064_irnt,Peak expiratory flow (PEF)
1100,Drive faster than motorway speed limit
6159_100,Pain type(s) experienced in last month: None of the above
20127_raw,Neuroticism score
20127_irnt,Neuroticism score
2257,Hearing difficulty/problems with background noise
1210,Snoring
399_irnt,Number of incorrect matches in round
135,Number of self-reported non-cancer illnesses
2090,Seen doctor (GP) for nerves
4100_irnt,Ankle spacing width (left)
2000,Worry too long after embarrassment
4119_irnt,Ankle spacing width (right)
2080,Frequency of tiredness / lethargy in last 2 weeks
4119_raw,Ankle spacing width (right)
2217_irnt,Age started wearing glasses or contact lenses
4100_raw,Ankle spacing width (left)
1618,Alcohol usually taken with meals
2316,Wheeze or whistling in the chest in last year
20015_irnt,Sitting height
1110,Length of mobile phone use
6154_100,Medication for pain relief
2188,Long-standing illness
6159_7,Pain type(s) experienced in last month: Knee pain
20015_raw,Sitting height
1289,Cooked vegetable intake
6138_3,Qualifications: O levels/GCSEs or equivalent
137,Number of treatments/medications taken
2040,Risk taking
816,Job involves heavy manual or physical work
20116_1,Smoking status: Previous
6177_2,Medication for cholesterol
1950,Sensitivity / hurt feelings
6164_2,Types of physical activity in last 4 weeks: Other exercises (eg: swimming
864,Number of days/week walked 10+ minutes
6160_3,Leisure/social activities: Religious group
1468_4,Cereal type: Muesli
2492,Taking other prescription medications
20154_irnt,Forced expiratory volume in 1-second (FEV1)
1120,Weekly usage of mobile phone in last 3 months
1428_1,Spread type: Butter/spreadable butter
20116_2,Smoking status: Current
1239,Current tobacco smoking
2030,Guilty feelings
22501_raw,Year ended full time education
20154_raw,Forced expiratory volume in 1-second (FEV1)
6177_100,Medication for cholesterol
1980,Worrier / anxious feelings
2375,Relative age of first facial hair
1438_irnt,Bread intake
1687,Comparative body size at age 10
6159_4,Pain type(s) experienced in last month: Back pain
6138_6,Qualifications: Other professional qualifications eg: nursing
5263_irnt,Intra-ocular pressure
1329,Oily fish intake
1930,Miserableness
1220,Daytime dozing / sleeping (narcolepsy)
6144_5,Never eat eggs
189_raw,Townsend deprivation index at recruitment
6149_100,Mouth/teeth dental problems: None of the above
1548,Variation in diet
6144_4,Never eat eggs
2247_1,Hearing difficulty/problems: Yes
1488_irnt,Tea intake
2247_0,Hearing difficulty/problems: No
20022_irnt,Birth weight
6160_2,Leisure/social activities: Pub or social club
680_3,Own or rent accommodation lived in: Rent - from local authority
1448_3,Bread type: Wholemeal or wholegrain
20022_raw,Birth weight
1060,Time spent outdoors in winter
1940,Irritability
5255_irnt,Intra-ocular pressure
1970,Nervous feelings
6159_1,Pain type(s) experienced in last month: Headache
6149_6,Mouth/teeth dental problems: Dentures
1379,Lamb/mutton intake
20153_irnt,Forced expiratory volume in 1-second (FEV1)
5084_irnt,Spherical power (right)
6164_4,Types of physical activity in last 4 weeks: Light DIY (eg: pruning
1990,Tense / 'highly strung'
20153_raw,Forced expiratory volume in 1-second (FEV1)
30520_irnt,Potassium in urine
680_1,Own or rent accommodation lived in: Own outright (by you or someone in your household)
5085_irnt,Spherical power (left)
943,Frequency of stair climbing in last 4 weeks
874_irnt,Duration of walks
1488_raw,Tea intake
1359,Poultry intake
1787,Maternal smoking around birth
1299,Salad / raw vegetable intake
2110,Able to confide
2744,Birth weight of first child
5263_raw,Intra-ocular pressure
806,Job involves mainly walking or standing
2764_irnt,Age at last live birth
1090,Time spent driving
1438_raw,Bread intake
6164_5,Types of physical activity in last 4 weeks: Heavy DIY (eg: weeding
189_irnt,Townsend deprivation index at recruitment
5099_irnt,3mm weak meridian (right)
5099_raw,3mm weak meridian (right)
5085_raw,Spherical power (left)
22501_irnt,Year ended full time education
2070,Frequency of tenseness / restlessness in last 2 weeks
6164_1,Types of physical activity in last 4 weeks: Walking for pleasure (not as a means of transport)
5084_raw,Spherical power (right)
2764_raw,Age at last live birth
XI_DIGESTIVE,Diseases of the digestive system
5132_irnt,3mm strong meridian (right)
1031,Frequency of friend/family visits
5098_irnt,6mm weak meridian (right)
1568,Average weekly red wine intake
5132_raw,3mm strong meridian (right)
5096_irnt,3mm weak meridian (left)
5135_irnt,3mm strong meridian (left)
5098_raw,6mm weak meridian (right)
5255_raw,Intra-ocular pressure
6159_3,Pain type(s) experienced in last month: Neck or shoulder pain
6146_2,Attendance/disability/mobility allowance: Disability living allowance
5096_raw,3mm weak meridian (left)
5133_irnt,6mm strong meridian (right)
6160_1,Leisure/social activities: Sports club or gym
884,Number of days/week of moderate physical activity 10+ minutes
5135_raw,3mm strong meridian (left)
5133_raw,6mm strong meridian (right)
6154_3,Medication for pain relief
6155_100,Vitamin and mineral supplements: None of the above
6160_100,Leisure/social activities: None of the above
6153_2,Medication for cholesterol
2020,Loneliness
6145_6,Illness
5097_irnt,6mm weak meridian (left)
5097_raw,6mm weak meridian (left)
5134_raw,6mm strong meridian (left)
2335,Chest pain or discomfort
5134_irnt,6mm strong meridian (left)
6146_100,Attendance/disability/mobility allowance: None of the above
1369,Beef intake
874_raw,Duration of walks
2296,Falls in the last year
2050,Frequency of depressed mood in last 2 weeks
1428_3,Spread type: Other type of spread/margarine
102_raw,Pulse rate
30520_raw,Potassium in urine
102_irnt,Pulse rate
4548,Health satisfaction
20489,Felt loved as a child
4290_irnt,Duration screen displayed
1538_0,Major dietary changes in the last 5 years: No
6153_100,Medication for cholesterol
904,Number of days/week of vigorous physical activity 10+ minutes
2814,Ever used hormone-replacement therapy (HRT)
1349,Processed meat intake
2443,Diabetes diagnosed by doctor
20002_1220,Non-cancer illness code
728,Number of vehicles in household
ICDMAIN_ANY_ENTRY,Any ICDMAIN event in hilmo or causes of death
1588,Average weekly beer plus cider intake
136,Number of operations
XVIII_MISCFINDINGS,Symptoms
XIII_MUSCULOSKELET,Diseases of the musculoskeletal system and connective tissue
6179_100,Mineral and other dietary supplements: None of the above
5257_irnt,Corneal resistance factor (right)
1628,Alcohol intake versus 10 years previously
5265_irnt,Corneal resistance factor (left)
4990,FI6 : conditional arithmetic
1389,Pork intake
2060,Frequency of unenthusiasm / disinterest in last 2 weeks
30300_irnt,High light scatter reticulocyte count
6152_9,Blood clot
20003_1140884600,Treatment/medication code: metformin
6162_4,Types of transport used (excluding work): Cycle
5256_irnt,Corneal hysteresis (right)
20111_100,Illnesses of siblings: None of the above (group 1)
20003_2038460150,Treatment/medication code: paracetamol
30290_irnt,High light scatter reticulocyte percentage
6162_1,Types of transport used (excluding work): Car/motor vehicle
4957,FI3 : word interpolation
5254_irnt,Intra-ocular pressure
6162_2,Types of transport used (excluding work): Walk
1538_1,Major dietary changes in the last 5 years: Yes
2010,Suffer from 'nerves'
6142_4,Current employment status: Unable to work because of sickness or disability
6179_1,Mineral and other dietary supplements: Fish oil (including cod liver oil)
30010_irnt,Red blood cell (erythrocyte) count
5264_irnt,Corneal hysteresis (left)
20111_8,Illnesses of siblings: High blood pressure
2794_irnt,Age started oral contraceptive pill
20414,Frequency of drinking alcohol
5262_irnt,Intra-ocular pressure
971,Frequency of walking for pleasure in last 4 weeks
30300_raw,High light scatter reticulocyte count
2473,Other serious medical condition/disability diagnosed by doctor
894,Duration of moderate activity
30010_raw,Red blood cell (erythrocyte) count
6146_3,Attendance/disability/mobility allowance: Blue badge
20441,Ever had prolonged loss of interest in normal activities
6145_100,Illness
6152_100,Blood clot
20003_1140861958,Treatment/medication code: simvastatin
6155_7,Vitamin and mineral supplements: Multivitamins +/- minerals
1498,Coffee intake
6164_3,Types of physical activity in last 4 weeks: Strenuous sports
I9_IHD,Ischaemic heart disease
IX_CIRCULATORY,Diseases of the circulatory system
110001,Invitation to complete online 24-hour recall dietary questionnaire
30180_raw,Lymphocyte percentage
30250_irnt,Reticulocyte count
2385,Relative age voice broke
30180_irnt,Lymphocyte percentage
2100,Seen a psychiatrist for nerves
6141_1,How are people in household related to participant: Husband
5257_raw,Corneal resistance factor (right)
4526,Happiness
30200_irnt,Neutrophill percentage
1508_2,Coffee type: Instant coffee
6159_6,Pain type(s) experienced in last month: Hip pain
6162_3,Types of transport used (excluding work): Public transport
30030_irnt,Haematocrit percentage
30030_raw,Haematocrit percentage
30200_raw,Neutrophill percentage
20453,Ever taken cannabis
30140_irnt,Neutrophill count
30140_raw,Neutrophill count
2129,Answered sexual history questions
30240_irnt,Reticulocyte percentage
6164_100,Types of physical activity in last 4 weeks: None of the above
41235,Spells in hospital
3148_irnt,Heel bone mineral density (BMD)
20479,Ever thought that life not worth living
20110_8,Illnesses of mother: High blood pressure
3144_irnt,Heel Broadband ultrasound attenuation
78_irnt,Heel bone mineral density (BMD) T-score
3147_irnt,Heel quantitative ultrasound index (QUI)
30280_raw,Immature reticulocyte fraction
1428_0,Spread type: Never/rarely use spread
6177_1,Medication for cholesterol
5265_raw,Corneal resistance factor (left)
30280_irnt,Immature reticulocyte fraction
3148_raw,Heel bone mineral density (BMD)
3144_raw,Heel Broadband ultrasound attenuation
6154_2,Medication for pain relief
78_raw,Heel bone mineral density (BMD) T-score
3147_raw,Heel quantitative ultrasound index (QUI)
1598,Average weekly spirits intake
5254_raw,Intra-ocular pressure
R07,Diagnoses - main ICD10: R07 Pain in throat and chest
6179_2,Mineral and other dietary supplements: Glucosamine
1468_5,Cereal type: Other (e.g. Cornflakes
20500,Ever suffered mental distress preventing usual activities
41248_1000,Destinations on discharge from hospital (recoded): Usual Place of residence
6147_1,Reason for glasses/contact lenses: For short-sightedness
30210_raw,Eosinophill percentage
6153_1,Medication for cholesterol
20003_1140868226,Treatment/medication code: aspirin
30210_irnt,Eosinophill percentage
5012,FI8 : chained arithmetic
5256_raw,Corneal hysteresis (right)
6154_1,Medication for pain relief
1279,Exposure to tobacco smoke outside home
4803_0,Tinnitus: No
699_raw,Length of time at current address
20446,Ever had prolonged feelings of sadness or depression
I25,Diagnoses - main ICD10: I25 Chronic ischaemic heart disease
20107_1,Illnesses of father: Heart disease
20459,General happiness with own health
I9_CORATHER,Coronary atherosclerosis
K57,Diagnoses - main ICD10: K57 Diverticular disease of intestine
4570,Friendships satisfaction
699_irnt,Length of time at current address
M13_ARTHROSIS,#Arthrosis
5262_raw,Intra-ocular pressure
6139_3,Gas or solid-fuel cooking/heating: An open solid fuel fire that you use regularly in winter time
20488,Physically abused by family as a child
6160_5,Leisure/social activities: Other group activity
20002_1074,Non-cancer illness code
6159_5,Pain type(s) experienced in last month: Stomach or abdominal pain
1418_3,Milk type used: Skimmed
30120_irnt,Lymphocyte count
20519,Recent feelings of tiredness or low energy
3581_irnt,Age at menopause (last menstrual period)
2267,Use of sun/uv protection
24018_raw,Nitrogen dioxide air pollution; 2007
3581_raw,Age at menopause (last menstrual period)
30150,Eosinophill count
1339,Non-oily fish intake
4968,FI4 : positional arithmetic
2207,Wears glasses or contact lenses
6149_3,Mouth/teeth dental problems: Bleeding gums
20460,Belief that own life is meaningful
1578,Average weekly champagne plus white wine intake
2794_raw,Age started oral contraceptive pill
20002_1075,Non-cancer illness code
4825,Noisy workplace
914_irnt,Duration of vigorous activity
30290_raw,High light scatter reticulocyte percentage
30080_irnt,Platelet count
30250_raw,Reticulocyte count
4598,Ever depressed for a whole week
20499,Ever sought or received professional help for mental distress
30080_raw,Platelet count
20003_1140879802,Treatment/medication code: amlodipine
20487,Felt hated by family member as a child
30000_raw,White blood cell (leukocyte) count
20003_1141194794,Treatment/medication code: bendroflumethiazide
4194_irnt,Pulse rate
30090_irnt,Platelet crit
4559,Family relationship satisfaction
6154_5,Medication for pain relief
20002_1473,Non-cancer illness code
30110_irnt,Platelet distribution width
30000_irnt,White blood cell (leukocyte) count
20002_1465,Non-cancer illness code
20458,General happiness
30110_raw,Platelet distribution width
20421,Ever felt worried
1021,Duration of light DIY
30090_raw,Platelet crit
6150_2,Vascular/heart problems diagnosed by doctor: Angina
20002_1286,Non-cancer illness code
5264_raw,Corneal hysteresis (left)
4194_raw,Pulse rate
22506_114,Tobacco smoking: Never smoked
M17,Diagnoses - main ICD10: M17 Gonarthrosis [arthrosis of knee]
KNEE_ARTHROSIS,Gonarthrosis [arthrosis of knee](FG)
20416,Frequency of consuming six or more units of alcohol
4291,Number of attempts
2277,Frequency of solarium/sunlamp use
24016_raw,Nitrogen dioxide air pollution; 2005
4581,Financial situation satisfaction
30120_raw,Lymphocyte count
30240_raw,Reticulocyte percentage
4728,Leg pain on walking
20018,Prospective memory result
20502,Ever had period extreme irritability
6150_1,Vascular/heart problems diagnosed by doctor: Heart attack
4290_raw,Duration screen displayed
20117_2,Alcohol drinker status: Current
4105_irnt,Heel bone mineral density (BMD) (left)
30260_irnt,Mean reticulocyte volume
2644,Light smokers
20498,Felt very upset when reminded of stressful experience in past month
4104_irnt,Heel quantitative ultrasound index (QUI)
4106_irnt,Heel bone mineral density (BMD) T-score
G56,Diagnoses - main ICD10: G56 Mononeuropathies of upper limb
1677,Breastfed as a baby
30020_irnt,Haemoglobin concentration
4123_irnt,Heel quantitative ultrasound index (QUI)
4125_irnt,Heel bone mineral density (BMD) T-score
20110_9,Illnesses of mother: Diabetes
4124_irnt,Heel bone mineral density (BMD) (right)
20002_1387,Non-cancer illness code
914_raw,Duration of vigorous activity
1538_2,Major dietary changes in the last 5 years: Yes
G6_CARPTU,Carpal tunnel syndrome
30270_irnt,Mean sphered cell volume
30070_irnt,Red blood cell (erythrocyte) distribution width
30020_raw,Haemoglobin concentration
M13_OTHERJOINT,#Other joint disorders
20126_0,Bipolar and major depression status: No Bipolar or Depression
4195_irnt,Pulse wave reflection index
6138_4,Qualifications: CSEs or equivalent
4105_raw,Heel bone mineral density (BMD) (left)
20110_100,Illnesses of mother: None of the above (group 1)
30270_raw,Mean sphered cell volume
G6_NERPLEX,Nerve
4104_raw,Heel quantitative ultrasound index (QUI)
4106_raw,Heel bone mineral density (BMD) T-score
4101_irnt,Heel broadband ultrasound attenuation (left)
6160_4,Leisure/social activities: Adult education class
4120_irnt,Heel broadband ultrasound attenuation (right)
24017_raw,Nitrogen dioxide air pollution; 2006
2395_4,Hair/balding pattern: Pattern 4
20517,Trouble falling or staying asleep
20107_8,Illnesses of father: High blood pressure
4123_raw,Heel quantitative ultrasound index (QUI)
4125_raw,Heel bone mineral density (BMD) T-score
I9_CHD_NOREV,Major coronary heart disease event excluding revascularizations
I9_CHD,Major coronary heart disease event
30260_raw,Mean reticulocyte volume
4124_raw,Heel bone mineral density (BMD) (right)
2395_1,Hair/balding pattern: Pattern 1
20003_1140871310,Treatment/medication code: ibuprofen
1807_irnt,Father's age at death
4101_raw,Heel broadband ultrasound attenuation (left)
30130_irnt,Monocyte count
4120_raw,Heel broadband ultrasound attenuation (right)
20546_3,Substances taken for depression: Medication prescribed to you (for at least two weeks)
20128,Number of fluid intelligence questions attempted within time limit
5108_raw,3mm asymmetry angle (right)
30070_raw,Red blood cell (erythrocyte) distribution width
2664_3,Reason for reducing amount of alcohol drunk: Health precaution
30100_irnt,Mean platelet (thrombocyte) volume
5119_irnt,3mm cylindrical power (left)
20497,Repeated disturbing thoughts of stressful experience in past month
4717,Shortness of breath walking on level ground
6143_4,Transport type for commuting to job workplace: Cycle
981,Duration walking for pleasure
22506_113,Tobacco smoking: Ex-smoker
2405,Number of children fathered
VI_NERVOUS,Diseases of the nervous system
1468_3,Cereal type: Oat cereal (e.g. Ready Brek
30100_raw,Mean platelet (thrombocyte) volume
5116_irnt,3mm cylindrical power (right)
20003_1140865634,Treatment/medication code: omeprazole
XIX_INJURY_POISON,Injury
5104_irnt,3mm strong meridian angle (left)
5103_raw,3mm weak meridian angle (left)
5112_raw,3mm cylindrical power angle (left)
2634,Duration of heavy DIY
1883,Number of full sisters
826,Job involves shift work
1130,Hands-free device/speakerphone use with mobile phone in last 3 month
20511,Recent poor appetite or overeating
20002_1265,Non-cancer illness code
20003_1140860806,Treatment/medication code: ramipril
41231_1,Hospital episode type: General episode
6143_3,Transport type for commuting to job workplace: Public transport
20002_1111,Non-cancer illness code
20515,Recent trouble relaxing
20077,Number of diet questionnaires completed
20403,Amount of alcohol drunk on a typical drinking day
20512,Recent feelings of foreboding
30040_irnt,Mean corpuscular volume
20521,Belittlement by partner or ex-partner as an adult
3761_raw,Age hay fever
2844,Had other major operations
6152_8,Blood clot
20547_1,Activities undertaken to treat depression: Talking therapies
I83,Diagnoses - main ICD10: I83 Varicose veins of lower extremities
1807_raw,Father's age at death
5107_irnt,3mm strong meridian angle (right)
I9_DISVEINLYMPH,Diseases of veins
30220_irnt,Basophill percentage
2867_irnt,Age started smoking in former smokers
30040_raw,Mean corpuscular volume
5119_raw,3mm cylindrical power (left)
M20,Diagnoses - main ICD10: M20 Acquired deformities of fingers and toes
2664_5,Reason for reducing amount of alcohol drunk: Other reason
5116_raw,3mm cylindrical power (right)
20111_9,Illnesses of siblings: Diabetes
30130_raw,Monocyte count
30190_irnt,Monocyte percentage
2654_4,Non-butter spread type details: Soft (tub) margarine
6138_5,Qualifications: NVQ or HND or HNC or equivalent
3536_irnt,Age started hormone-replacement therapy (HRT)
20117_1,Alcohol drinker status: Previous
2463,Fractured/broken bones in last 5 years
5109_raw,6mm asymmetry angle (right)
1418_2,Milk type used: Semi-skimmed
4653,Ever highly irritable/argumentative for 2 days
24003_raw,Nitrogen dioxide air pollution; 2010
20425,Ever worried more than most people would in similar situation
24018_irnt,Nitrogen dioxide air pollution; 2007
I9_MI,Myocardial infarction
I9_MI_STRICT,Myocardial infarction
5157_irnt,6mm asymmetry index (left)
3606,Chest pain or discomfort walking normally
VII_EYE_ADNEXA,Diseases of the eye and adnexa
5111_raw,3mm asymmetry angle (left)
6145_1,Illness
4631,Ever unenthusiastic/disinterested for a whole week
5100_raw,3mm weak meridian angle (right)
20505,Recent easy annoyance or irritability
H7_LENS,Disorders of lens
20509,Recent inability to stop or control worrying
20003_1140866738,Treatment/medication code: atenolol
2887,Number of cigarettes previously smoked daily
5115_raw,3mm cylindrical power angle (right)
22126,Doctor diagnosed hayfever or allergic rhinitis
2345,Ever had bowel cancer screening
24004_raw,Nitrogen oxides air pollution; 2010
398,Number of correct matches in round
670_1,Type of accommodation lived in: A house or bungalow
20117_0,Alcohol drinker status: Never
K40,Diagnoses - main ICD10: K40 Inguinal hernia
3761_irnt,Age hay fever
24003_irnt,Nitrogen dioxide air pollution; 2010
24004_irnt,Nitrogen oxides air pollution; 2010
20544_11,Mental health problems ever diagnosed by a professional: Depression
5556,FI9 : concept interpolation
20510,Recent feelings of depression
24016_irnt,Nitrogen dioxide air pollution; 2005
I21,Diagnoses - main ICD10: I21 Acute myocardial infarction
30190_raw,Monocyte percentage
30220_raw,Basophill percentage
24017_irnt,Nitrogen dioxide air pollution; 2006
6143_1,Transport type for commuting to job workplace: Car/motor vehicle
30160,Basophill count
20110_1,Illnesses of mother: Heart disease
6149_4,Mouth/teeth dental problems: Loose teeth
20003_1140860696,Treatment/medication code: lisinopril
5106_irnt,6mm strong meridian angle (right)
30050_irnt,Mean corpuscular haemoglobin
20111_1,Illnesses of siblings: Heart disease
M54,Diagnoses - main ICD10: M54 Dorsalgia
ILD_DIFF_DG,ILD differential diagnosis
M13_DORSALGIA,Dorsalgia
COPD_EXCL,COPD differential diagnosis
4979,FI5 : family relationship calculation
5102_raw,6mm weak meridian angle (left)
1873,Number of full brothers
20111_12,Illnesses of siblings: Severe depression
20002_1309,Non-cancer illness code
20485,Ever contemplated self-harm
D12,Diagnoses - main ICD10: D12 Benign neoplasm of colon
M16,Diagnoses - main ICD10: M16 Coxarthrosis [arthrosis of hip]
COX_ARTHROSIS,Coxarthrosis [arthrosis of hip](FG)
1418_6,Milk type used: Never/rarely have milk
5113_raw,6mm cylindrical power angle (left)
4196_irnt,Pulse wave peak to peak time
30050_raw,Mean corpuscular haemoglobin
6155_3,Vitamin and mineral supplements: Vitamin C
II_NEOPLASM,Neoplasms
24019_raw,Particulate matter air pollution (pm10); 2007
93_irnt,Systolic blood pressure
5101_raw,6mm weak meridian angle (right)
20544_15,Mental health problems ever diagnosed by a professional: Anxiety
2365,Ever had prostate specific antigen (PSA) test
20003_1140864752,Treatment/medication code: lansoprazole
6179_4,Mineral and other dietary supplements: Zinc
5106_raw,6mm strong meridian angle (right)
93_raw,Systolic blood pressure
20514,Recent lack of interest or pleasure in doing things
5114_raw,6mm cylindrical power angle (right)
22502,Cough on most days
3536_raw,Age started hormone-replacement therapy (HRT)
3799,Headaches for 3+ months
5104_raw,3mm strong meridian angle (left)
24006_raw,Particulate matter air pollution (pm2.5); 2010
20506,Recent feelings or nervousness or anxiety
20107_6,Illnesses of father: Chronic bronchitis/emphysema
21021_irnt,Pulse wave Arterial Stiffness index
N81,Diagnoses - main ICD10: N81 Female genital prolapse
24006_irnt,Particulate matter air pollution (pm2.5); 2010
767_irnt,Length of working week for main job
20507,Recent feelings of inadequacy
670_2,Type of accommodation lived in: A flat
20107_9,Illnesses of father: Diabetes
20520,Recent worrying too much about different things
6148_2,Eye problems/disorders: Glaucoma
22606_2,Workplace very noisy: Often
5107_raw,3mm strong meridian angle (right)
20002_1458,Non-cancer illness code
PULMONARYDG,Other pulmonary diagnosis
X_RESPIRATORY,Diseases of the respiratory system
2395_2,Hair/balding pattern: Pattern 2
ASTHMA_MEDICATIO_COMORB,Medication related adverse effects
22607_1,Workplace very cold: Sometimes
6149_1,Mouth/teeth dental problems: Mouth ulcers
20002_1277,Non-cancer illness code
XIV_GENITOURINARY,Diseases of the genitourinary system
PULM_MEDICATIO_COMORB,Medication related adverse effects (Asthma/COPD)
5111_irnt,3mm asymmetry angle (left)
767_raw,Length of working week for main job
1508_1,Coffee type: Decaffeinated coffee (any type)
20522,Been in a confiding relationship as an adult
6142_1,Current employment status: In paid employment or self-employed
R10,Diagnoses - main ICD10: R10 Abdominal and pelvic pain
C3_MALE_GENITAL,malignant neoplasm of male genital organs
C_MALE_GENITAL,NA
1418_1,Milk type used: Full cream
20549_3,Substances taken for anxiety: Medication prescribed to you (for at least two weeks)
3571,Back pain for 3+ months
20003_1141146234,Treatment/medication code: atorvastatin
1150_2,Usual side of head for mobile phone use: Right
20550_1,Activities undertaken to treat anxiety: Talking therapies
2724,Had menopause
20107_100,Illnesses of father: None of the above (group 1)
M13_HALLUXVALGUS,Hallux valgus (acquired)
20003_1140923346,Treatment/medication code: co-codamol
20508,Recent trouble concentrating on things
20516,Recent restlessness
N20,Diagnoses - main ICD10: N20 Calculus of kidney and ureter
680_2,Own or rent accommodation lived in: Own with a mortgage
24019_irnt,Particulate matter air pollution (pm10); 2007
94_irnt,Diastolic blood pressure
20531,Victim of sexual assault
1150_1,Usual side of head for mobile phone use: Left
5001,FI7 : synonym
777,Frequency of travelling from home to job workplace
6179_3,Mineral and other dietary supplements: Calcium
1150_3,Usual side of head for mobile phone use: Equally left and right
4282,Maximum digits remembered correctly
2834,Bilateral oophorectomy (both ovaries removed)
K11_GALLBILPANC,Disorders of gallbladder
6152_6,Blood clot
3393,Hearing aid user
2966_irnt,Age high blood pressure diagnosed
1448_2,Bread type: Brown
94_raw,Diastolic blood pressure
1011,Frequency of light DIY in last 4 weeks
2415,Had major operations
M13_DUPUTRYEN,Palmar fascial fibromatosis [Dupuytren]
3591,Ever had hysterectomy (womb removed)
6154_6,Medication for pain relief
20002_1226,Non-cancer illness code
2966_raw,Age high blood pressure diagnosed
20536_0,Weight change during worst episode of depression: Stayed about the same or was on a diet
5983_irnt,ECG
M13_FIBROBLASTIC,Fibroblastic disorders
4537,Work/job satisfaction
1140,Difference in mobile phone use compared to two years previously
22704_irnt,Home location - north co-ordinate (rounded)
K21,Diagnoses - main ICD10: K21 Gastro-oesophageal reflux disease
4803_11,Tinnitus: Yes
M72,Diagnoses - main ICD10: M72 Fibroblastic disorders
20003_1140861998,Treatment/medication code: ventolin 100micrograms inhaler
C_PROSTATE,Malignant neoplasm of prostate
C3_PROSTATE,Malignant neoplasm of prostate
6157_3,Why stopped smoking: Health precaution
20491,Someone to take to doctor when needed as a child
6159_8,Pain type(s) experienced in last month: Pain all over the body
I20,Diagnoses - main ICD10: I20 Angina pectoris
22127,Doctor diagnosed asthma
M23,Diagnoses - main ICD10: M23 Internal derangement of knee
20107_3,Illnesses of father: Lung cancer
1269,Exposure to tobacco smoke at home
20003_1140864992,Treatment/medication code: tramadol
20003_1140874744,Treatment/medication code: gliclazide
2159,Ever had same-sex intercourse
20075_irnt,Home location at assessment - north co-ordinate (rounded)
K11_HERNIA,Hernia
20495,Avoided activities or situations because of previous stressful experience in past month
4288_irnt,Time to answer
C_OTHER_SKIN,Other malignant neoplasms of skin
C3_OTHER_SKIN,Other malignant neoplasms of skin
5103_irnt,3mm weak meridian angle (left)
5112_irnt,3mm cylindrical power angle (left)
5983_raw,ECG
5108_irnt,3mm asymmetry angle (right)
4836,Loud music exposure frequency
M75,Diagnoses - main ICD10: M75 Shoulder lesions
M13_SHOULDER,Shoulder lesions
1707_2,Handedness (chirality/laterality): Left-handed
709,Number in household
20152,Reproduciblity of spirometry measurement using ERS/ATS criteria
5105_irnt,6mm strong meridian angle (left)
M13_LOWBACKPAIN,Low back pain
5158_irnt,6mm asymmetry index (right)
22620_1,Job involved shift work: Yes
K80,Diagnoses - main ICD10: K80 Cholelithiasis
C3_SKIN,Malignant neoplasm of skin
C_SKIN,NA
M13_MENISCUSDERANGEMENTS,Meniscus derangement
4260,Round of numeric memory test
4283,Number of rounds of numeric memory test performed
20003_1141176832,Treatment/medication code: seretide 50 evohaler
20523,Physical violence by partner or ex-partner as an adult
22609_2,Workplace very dusty: Often
6147_4,Reason for glasses/contact lenses: For 'astigmatism'
20548_2,Manifestations of mania or irritability: I was more restless than usual
100010,Portion size
100001_irnt,Food weight
3647,Duration of other exercises
3526_irnt,Mother's age at death
20003_1141191044,Treatment/medication code: levothyroxine sodium
4277,Volume level set by participant (right)
3637,Frequency of other exercises in last 4 weeks
30060_irnt,Mean corpuscular haemoglobin concentration
6157_100,Why stopped smoking: None of the above
3849,Number of pregnancy terminations
CARDIAC_ARRHYTM,Cardiac arrhytmias
1737,Childhood sunburn occasions
5105_raw,6mm strong meridian angle (left)
I84,Diagnoses - main ICD10: I84 Haemorrhoids
C44,Diagnoses - main ICD10: C44 Other malignant neoplasms of skin
22607_0,Workplace very cold: Rarely/never
6032_irnt,Maximum workload during fitness test
1418_4,Milk type used: Soya
H26,Diagnoses - main ICD10: H26 Other cataract
6145_2,Illness
20002_1138,Non-cancer illness code
I48,Diagnoses - main ICD10: I48 Atrial fibrillation and flutter
C_BREAST_3,Malignant neoplasm of breast
C3_BREAST_3,Malignant neoplasm of breast
20001_1061,Cancer code
6142_2,Current employment status: Retired
6142_6,Current employment status: Doing unpaid or voluntary work
K29,Diagnoses - main ICD10: K29 Gastritis and duodenitis
20530,Witnessed sudden violent death
1797,Father still alive
20110_6,Illnesses of mother: Chronic bronchitis/emphysema
4196_raw,Pulse wave peak to peak time
20002_1113,Non-cancer illness code
100001_raw,Food weight
757_raw,Time employed in main current job
6033_irnt,Maximum heart rate during fitness test
1707_1,Handedness (chirality/laterality): Right-handed
6147_2,Reason for glasses/contact lenses: For long-sightedness
20107_101,Illnesses of father: None of the above (group 2)
30060_raw,Mean corpuscular haemoglobin concentration
20536_1,Weight change during worst episode of depression: Gained weight
22619_0,Breathing problems responsible for leaving job: No
20405_0,Ever had known person concerned about
2867_raw,Age started smoking in former smokers
20490,Sexually molested as a child
1468_2,Cereal type: Biscuit cereal (e.g. Weetabix)
3731,Former alcohol drinker
5157_raw,6mm asymmetry index (left)
20003_1141156836,Treatment/medication code: candesartan cilexetil
6144_1,Never eat eggs
C50,Diagnoses - main ICD10: C50 Malignant neoplasm of breast
5118_raw,6mm cylindrical power (left)
5699,FI10 : arithmetic sequence recognition
20110_12,Illnesses of mother: Severe depression
24007_raw,Particulate matter air pollution (pm2.5) absorbance; 2010
6143_2,Transport type for commuting to job workplace: Walk
3436_irnt,Age started smoking in current smokers
30500_irnt,Microalbumin in urine
20548_1,Manifestations of mania or irritability: I was more talkative than usual
3526_raw,Mother's age at death
5087_irnt,Cylindrical power (right)
2306,Weight change compared with 1 year ago
20002_1474,Non-cancer illness code
22616_1,Breathing problems during period of job: Yes
1259,Smoking/smokers in household
3476,Difficulty not smoking for 1 day
1468_1,Cereal type: Bran cereal (e.g. All Bran
5087_raw,Cylindrical power (right)
20019_raw,Speech-reception-threshold (SRT) estimate (left)
2926,Number of unsuccessful stop-smoking attempts
20550_3,Activities undertaken to treat anxiety: Other therapeutic activities such as mindfulness
1747_1,Hair colour (natural
100008_irnt,Total sugars
20518,Recent changes in speed/amount of moving or speaking
24007_irnt,Particulate matter air pollution (pm2.5) absorbance; 2010
129_irnt,Place of birth in UK - north co-ordinate
H33,Diagnoses - main ICD10: H33 Retinal detachments and breaks
2227,Other eye problems
K11_OTHGASTR,Other gastritis (incl. Duodenitis)
403,Number of times snap-button pressed
20003_1141146198,Treatment/medication code: xalatan 0.005% eye drops
20019_irnt,Speech-reception-threshold (SRT) estimate (left)
6153_4,Medication for cholesterol
5160_irnt,3mm regularity index (right)
2624,Frequency of heavy DIY in last 4 weeks
20529,Victim of physically violent crime
I9_DVTANDPULM,DVT of lower extremities and pulmonary embolism
5158_raw,6mm asymmetry index (right)
4230_raw,Signal-to-noise-ratio (SNR) of triplet (left)
4674,Private healthcare
757_irnt,Time employed in main current job
5984_irnt,ECG
5102_irnt,6mm weak meridian angle (left)
I9_VTE,Venous thromboembolism
100017_irnt,Magnesium
20003_1140884488,Treatment/medication code: diclofenac
20002_1094,Non-cancer illness code
H7_RETINALDETACH,Retinal detachments and breaks
4270,Volume level set by participant (left)
6155_2,Vitamin and mineral supplements: Vitamin B
20413,Frequency of inability to cease drinking in last year
6152_5,Blood clot
6151_7,Fractured bone site(s): Other bones
20003_1140916356,Treatment/medication code: losartan
5113_irnt,6mm cylindrical power angle (left)
20548_3,Manifestations of mania or irritability: My thoughts were racing
C61,Diagnoses - main ICD10: C61 Malignant neoplasm of prostate
22599,Number of jobs held
20546_4,Substances taken for depression: Drugs or alcohol (more than once)
M13_ROTATORCUFF,Rotator cuff syndrome
20002_1197,Non-cancer illness code
5110_raw,6mm asymmetry angle (left)
20409,Frequency of feeling guilt or remorse after drinking alcohol in last year
J44,Diagnoses - main ICD10: J44 Other chronic obstructive pulmonary disease
5109_irnt,6mm asymmetry angle (right)
22613_1,Worked with paints
N39,Diagnoses - main ICD10: N39 Other disorders of urinary system
H25,Diagnoses - main ICD10: H25 Senile cataract
20003_1140879778,Treatment/medication code: doxazosin
20436,Fraction of day affected during worst episode of depression
20544_6,Mental health problems ever diagnosed by a professional: Panic attacks
22617_2314,Job SOC coding: Secondary education teaching professionals
2704,Years since last cervical smear test
6148_100,Eye problems/disorders: None of the above
4241_irnt,Signal-to-noise-ratio (SNR) of triplet (right)
2395_3,Hair/balding pattern: Pattern 3
22608_1,Workplace very hot: Sometimes
20547_3,Activities undertaken to treat depression: Other therapeutic activities such as mindfulness
100390,Tea consumed
5101_irnt,6mm weak meridian angle (right)
20002_1287,Non-cancer illness code
5100_irnt,3mm weak meridian angle (right)
20111_101,Illnesses of siblings: None of the above (group 2)
4230_irnt,Signal-to-noise-ratio (SNR) of triplet (left)
5114_irnt,6mm cylindrical power angle (right)
6033_raw,Maximum heart rate during fitness test
20450,Feelings of worthlessness during worst period of depression
2654_6,Non-butter spread type details: Olive oil based spread (eg: Bertolli)
22617_2211,Job SOC coding: Medical practitioners
20074_irnt,Home location at assessment - east co-ordinate (rounded)
5115_irnt,3mm cylindrical power angle (right)
100015_irnt,Vitamin C
5110_irnt,6mm asymmetry angle (left)
100016_irnt,Potassium
20003_1141188442,Treatment/medication code: glucosamine product
1608,Average weekly fortified wine intake
20408,Frequency of memory loss due to drinking alcohol in last year
I9_UAP,Unstable angina pectoris
1747_3,Hair colour (natural
20110_101,Illnesses of mother: None of the above (group 2)
22608_2,Workplace very hot: Often
20525,Able to pay rent/mortgage as an adult
22702_irnt,Home location - east co-ordinate (rounded)
22607_2,Workplace very cold: Often
22611_2,Workplace had a lot of cigarette smoke from other people smoking: Often
KRA_PSY_ANYMENTAL,Any mental disorder
20126_4,Bipolar and major depression status: Probable Recurrent major depression (moderate)
6149_5,Mouth/teeth dental problems: Toothache
6159_2,Pain type(s) experienced in last month: Facial pain
22601_23143401,Job coding: secondary school teacher or teaching professional (including head teacher)
100009_irnt,Englyst dietary fibre
22608_0,Workplace very hot: Rarely/never
100150,Drinking water intake
3786_raw,Age asthma diagnosed
6179_6,Mineral and other dietary supplements: Selenium
100014_irnt,Folate
COPD_EARLYANDLATER,COPD
K52,Diagnoses - main ICD10: K52 Other non-infective gastro-enteritis and colitis
22601_22113066,Job coding: medical doctor
M13_SPINSTENOSIS,Spinal stenosis
G6_EPIPAROX,Episodal and paroxysmal disorders
4288_raw,Time to answer
3872_raw,Age of primiparous women at birth of child
5160_raw,3mm regularity index (right)
100270,Filtered coffee intake
6154_4,Medication for pain relief
SLEEP,Sleep disorders (combined)
V_MENTAL_BEHAV,Mental and behavioural disorders
K44,Diagnoses - main ICD10: K44 Diaphragmatic hernia
134,Number of self-reported cancers
20107_13,Illnesses of father: Prostate cancer
22504,Bring up phlegm/sputum/mucus on most days
20480,Ever self-harmed
100008_raw,Total sugars
1747_4,Hair colour (natural
20003_1140875408,Treatment/medication code: allopurinol
COLITNONINFNAS,Noninfectious colitis NAS
4294_1,Final attempt correct: yes
I80,Diagnoses - main ICD10: I80 Phlebitis and thrombophlebitis
G47,Diagnoses - main ICD10: G47 Sleep disorders
M51,Diagnoses - main ICD10: M51 Other intervertebral disk disorders
XXI_HEALTHFACTORS,Factors influencing health status and contact with health services
680_4,Own or rent accommodation lived in: Rent - from private landlord or letting agency
20002_1162,Non-cancer illness code
20003_1140883504,Treatment/medication code: cetirizine
21021_raw,Pulse wave Arterial Stiffness index
20539,Frequency of inability to stop worrying during worst period of anxiety
6032_raw,Maximum workload during fitness test
100009_raw,Englyst dietary fibre
22606_0,Workplace very noisy: Rarely/never
100011_irnt,Iron
20110_5,Illnesses of mother: Breast cancer
6179_5,Mineral and other dietary supplements: Iron
22610_1,Workplace full of chemical or other fumes: Sometimes
1767,Adopted as a child
20417,Tense
22146_irnt,Age hayfever or allergic rhinitis diagnosed by doctor
I9_PHLETHROMBDVTLOW,DVT of lower extremities
4294_0,Final attempt correct: no
M13_SPONDYLOPATHY,#Spondylopathies
20110_10,Illnesses of mother: Alzheimer's disease/dementia
5208_irnt,logMAR
5118_irnt,6mm cylindrical power (left)
22615_1,Workplace had a lot of diesel exhaust: Sometimes
20548_9,Manifestations of mania or irritability: I was more active than usual
100014_raw,Folate
M48,Diagnoses - main ICD10: M48 Other spondylopathies
6139_2,Gas or solid-fuel cooking/heating: A gas fire that you use regularly in winter time
3872_irnt,Age of primiparous women at birth of child
ULCERNAS,Ulcerative colitis
20107_12,Illnesses of father: Severe depression
3786_irnt,Age asthma diagnosed
5201_irnt,logMAR
6148_4,Eye problems/disorders: Cataract
20003_1140922174,Treatment/medication code: alendronate sodium
20448,Professional informed about depression
6038_irnt,Number of trend entries
3710,Length of menstrual cycle
20003_1140879760,Treatment/medication code: bisoprolol
3456,Number of cigarettes currently smoked daily (current cigarette smokers)
100002_irnt,Energy
22146_raw,Age hayfever or allergic rhinitis diagnosed by doctor
20002_1466,Non-cancer illness code
20003_1140879616,Treatment/medication code: amitriptyline
20021_irnt,Speech-reception-threshold (SRT) estimate (right)
M13_HALLUXRIGIDUS,Hallux rigidus
20003_1140874420,Treatment/medication code: quinine
R55,Diagnoses - main ICD10: R55 Syncope and collapse
K60,Diagnoses - main ICD10: K60 Fissure and fistula of anal and rectal regions
N92,Diagnoses - main ICD10: N92 Excessive
2453,Cancer diagnosed by doctor
6148_1,Eye problems/disorders: Diabetes related eye disease
20548_7,Manifestations of mania or irritability: I was easily distracted
1717,Skin colour
20433_irnt,Age at first episode of depression
4241_raw,Signal-to-noise-ratio (SNR) of triplet (right)
6145_3,Illness
6155_5,Vitamin and mineral supplements: Vitamin E
100460,Added milk to standard tea
100280,Added milk to filtered coffee
F5_MOOD,Mood [affective] disorders
KRA_PSY_MOOD,Mood disorders
20003_1140879406,Treatment/medication code: ranitidine
20003_1141192736,Treatment/medication code: ezetimibe
100015_raw,Vitamin C
6146_1,Attendance/disability/mobility allowance: Attendance allowance
K51,Diagnoses - main ICD10: K51 Ulcerative colitis
22617_2311,Job SOC coding: Higher education teaching professionals
100024_irnt,Calcium
3751,Chest pain or discomfort when walking uphill or hurrying
S52,Diagnoses - main ICD10: S52 Fracture of forearm
K22,Diagnoses - main ICD10: K22 Other diseases of oesophagus
F31,Diagnoses - main ICD10: F31 Bipolar affective disorder
100005_irnt,Carbohydrate
20496,Felt distant from other people in past month
100017_raw,Magnesium
20533,Trouble falling asleep
20002_1112,Non-cancer illness code
41215_0,Detention categories: Informal
I50,Diagnoses - main ICD10: I50 Heart failure
100011_raw,Iron
20003_1140866122,Treatment/medication code: bendrofluazide
5159_irnt,3mm asymmetry index (right)
20118_11,Home area population density - urban or rural: Scotland - Large Urban Area
T84,Diagnoses - main ICD10: T84 Complications of internal orthopaedic prosthetic devices
6151_5,Fractured bone site(s): Wrist
2654_2,Non-butter spread type details: Flora Pro-Active or Benecol
5161_irnt,6mm regularity index (right)
6149_2,Mouth/teeth dental problems: Painful gums
5117_irnt,6mm cylindrical power (right)
Z09,Diagnoses - main ICD10: Z09 Follow-up examination after treatment for conditions other than malignant neoplasms
HEARTFAIL,Heart failure
I9_HEARTFAIL_NS,Heart failure
I9_HEARTFAIL,Heart failure
20003_1141145660,Treatment/medication code: valsartan
20003_1140881856,Treatment/medication code: salbutamol
1727,Ease of skin tanning
M13_IMPINGEMENT,Impingement syndrome of shoulder
20002_1223,Non-cancer illness code
5117_raw,6mm cylindrical power (right)
2907,Ever stopped smoking for 6+ months
22609_1,Workplace very dusty: Sometimes
1747_5,Hair colour (natural
20433_raw,Age at first episode of depression
22616_0,Breathing problems during period of job: No
6152_7,Blood clot
20110_2,Illnesses of mother: Stroke
20405_1,Ever had known person concerned about
20021_raw,Speech-reception-threshold (SRT) estimate (right)
J33,Diagnoses - main ICD10: J33 Nasal polyp
20405_2,Ever had known person concerned about
20003_1141171646,Treatment/medication code: pioglitazone
4803_14,Tinnitus: Yes
20438,Duration of worst depression
5086_irnt,Cylindrical power (left)
22147_raw,Age asthma diagnosed by doctor
2654_8,Non-butter spread type details: Other low or reduced fat spread
22606_1,Workplace very noisy: Sometimes
22601_23113399,Job coding: higher education teaching professional
L03,Diagnoses - main ICD10: L03 Cellulitis
20434_irnt,Age at last episode of depression
20524,Sexual interference by partner or ex-partner without consent as an adult
5088_raw,Astigmatism angle (right)
5993,ECG
20434_raw,Age at last episode of depression
20418,Impact on normal roles during worst period of anxiety
22147_irnt,Age asthma diagnosed by doctor
N80,Diagnoses - main ICD10: N80 Endometriosis
IBD_ENDOMETRIOSIS,Endometriosis
20003_1140888560,Treatment/medication code: perindopril
796_irnt,Distance between home and job workplace
20002_1093,Non-cancer illness code
22617_4215,Job SOC coding: Personal assistants and other secretaries
ASTHMA_EOSINOPHIL_SUGG,Suggestive for eosinophilic asthma
104400,Fruit consumers
4642,Ever manic/hyper for 2 days
100370,Intake of sugar added to coffee
5208_raw,logMAR
102080,Yogurt/ice-cream consumers
20548_5,Manifestations of mania or irritability: I needed less sleep than usual
F5_DEPRESSIO,Depression
20003_1140879540,Treatment/medication code: fluoxetine
3466,Time from waking to first cigarette
C3_DIGESTIVE_ORGANS,Malignant neoplasm of digestive organs
C_DIGESTIVE_ORGANS,NA
20003_1140888552,Treatment/medication code: enalapril
M65,Diagnoses - main ICD10: M65 Synovitis and tenosynovitis
4501,Non-accidental death in close genetic family
4233_irnt,Mean signal-to-noise ratio (SNR)
K11_BARRET,Barret oesophagus
6141_2,How are people in household related to participant: Son and/or daughter (include step-children)
12336_irnt,Ventricular rate
20002_1463,Non-cancer illness code
5984_raw,ECG
22612_1,Worked with materials containing asbestos: Sometimes
20526,Been in serious accident believed to be life-threatening
D25,Diagnoses - main ICD10: D25 Leiomyoma of uterus
5986_irnt,ECG
5161_raw,6mm regularity index (right)
5086_raw,Cylindrical power (left)
22660_103,Gap coding: Full-time or part-time education
100002_raw,Energy
3773,Knee pain for 3+ months
20501,Ever had period of mania / excitability
20534,Sleeping too much
3436_raw,Age started smoking in current smokers
M13_TRIGGERFINGER,Trigger finger
6151_1,Fractured bone site(s): Ankle
22617_2113,Job SOC coding: Physicists
C18,Diagnoses - main ICD10: C18 Malignant neoplasm of colon
M13_SYNOTEND,Disorders of synovium and tendon
20002_1291,Non-cancer illness code
20002_1154,Non-cancer illness code
100016_raw,Potassium
20439,Frequency of depressed days during worst episode of depression
C_BRONCHUS_LUNG,Malignant neoplasm of bronchus and lung
C3_BRONCHUS_LUNG,Malignant neoplasm of bronchus and lung
6142_3,Current employment status: Looking after home and/or family
6151_6,Fractured bone site(s): Arm
130_irnt,Place of birth in UK - east co-ordinate
20003_1140884516,Treatment/medication code: thyroxine product
20002_1482,Non-cancer illness code
20401,Ever addicted to any substance or behaviour
III_BLOOD_IMMUN,Diseases of the blood and blood-forming organs and certain disorders involving the immune mechanism
20002_1452,Non-cancer illness code
20427,Frequent trouble falling or staying asleep during worst period of anxiety
12336_raw,Ventricular rate
20428,Professional informed about anxiety
5163_irnt,3mm regularity index (left)
6034,Target heart rate achieved
104900,Time spent doing vigorous physical activity
M13_OSTEOPOROSIS,Osteoporosis
6155_4,Vitamin and mineral supplements: Vitamin D
20003_1140921600,Treatment/medication code: citalopram
20003_1140926606,Treatment/medication code: salbutamol 100micrograms spacehaler
20535,Waking too early
20553_4,Methods of self-harm used: Ingesting a medication in excess of the normal dose
6038_raw,Number of trend entries
20513,Recent thoughts of suicide or self-harm
LUNG_CANCER_MESOT,Lung cancer and mesothelioma
LUNG_CANCER,Lung cancer and mesothelioma
6142_5,Current employment status: Unemployed
22618_0,Breathing problems improved/stopped away from workplace or on holiday: No
22601_81112700,Job coding: machine operator
20493,Severity of problems due to mania or irritability
D50,Diagnoses - main ICD10: D50 Iron deficiency anaemia
D3_ANAEMIA_IRONDEF,Iron deficiency anaemia
20435,Difficulty concentrating during worst depression
5089_raw,Astigmatism angle (left)
6157_1,Why stopped smoking: Illness or ill health
100004_raw,Fat
100012_irnt,Vitamin B6
R14,Diagnoses - main ICD10: R14 Flatulence and related conditions
20126_3,Bipolar and major depression status: Probable Recurrent major depression (severe)
N32,Diagnoses - main ICD10: N32 Other disorders of bladder
20002_1294,Non-cancer illness code
20001_1059,Cancer code
100019_irnt,Carotene
20440,Impact on normal roles during worst period of depression
K43,Diagnoses - main ICD10: K43 Ventral hernia
20003_1140888266,Treatment/medication code: warfarin
20554_1,Actions taken following self-harm: See anyone from psychiatric or mental health services
22617_1222,Job SOC coding: Conference and exhibition managers
20086_10,Type of special diet followed: Low calorie
M13_ARTHROSIS_OTH,Other arthrosis
M13_POLYARTHROPATHIES,#Polyarthropathies
22617_8111,Job SOC coding: Food
C3_COLON,Malignant neoplasm of colon
C_COLON,Malignant neoplasm of colon
22601_35393271,Job coding: management information officer
20528,Diagnosed with life-threatening illness
20549_4,Substances taken for anxiety: Drugs or alcohol (more than once)
K50,Diagnoses - main ICD10: K50 Crohn's disease [regional enteritis]
6150_3,Vascular/heart problems diagnosed by doctor: Stroke
5181,Ever had eye surgery
3404,Neck/shoulder pain for 3+ months
20536_2,Weight change during worst episode of depression: Lost weight
M79,Diagnoses - main ICD10: M79 Other soft tissue disorders
M13_SOFTTISSUEOTH,Other soft tissue disorders
20002_1312,Non-cancer illness code
20118_5,Home area population density - urban or rural: England/Wales - Urban - less sparse
22507_irnt,Age of stopping smoking
100400,Standard tea intake
20002_1464,Non-cancer illness code
20527,Been involved in combat or exposed to war-zone
6141_6,How are people in household related to participant: Grandchild
4440,Average monthly spirits intake
100022,Alcohol
N43,Diagnoses - main ICD10: N43 Hydrocele and spermatocele
XII_SKIN_SUBCUTAN,Diseases of the skin and subcutaneous tissue
1835,Mother still alive
22601_23293164,Job coding: researcher in broadcasting
H7_RETINALDETACHBREAK,Retinal detachment with retinal break
2877_1,Type of tobacco previously smoked: Manufactured cigarettes
20002_1462,Non-cancer illness code
20003_1140871050,Treatment/medication code: calcichew d3 tablet
24023_irnt,Average 16-hour sound level of noise pollution
24024_irnt,Average 24-hour sound level of noise pollution
5507,Leg pain on walking : action taken
22601_42153302,Job coding: all other personal assistants and secretaries
100012_raw,Vitamin B6
20429,Easily tired during worst period of anxiety
K42,Diagnoses - main ICD10: K42 Umbilical hernia
E04,Diagnoses - main ICD10: E04 Other non-toxic goitre
E4_OBESITYNAS,Obesity
100760,Breakfast cereal consumed
20003_1140862382,Treatment/medication code: becotide 50 inhaler
20002_1377,Non-cancer illness code
20002_1330,Non-cancer illness code
20002_1196,Non-cancer illness code
20437,Thoughts of death during worst depression
20002_1417,Non-cancer illness code
5474,Leg pain when walking uphill or hurrying
E11,Diagnoses - main ICD10: E11 Non-insulin-dependent diabetes mellitus
6157_2,Why stopped smoking: Doctor's advice
20118_8,Home area population density - urban or rural: England/Wales - Hamlet and Isolated Dwelling - less sparse
24020_irnt,Average daytime sound level of noise pollution
24021_irnt,Average evening sound level of noise pollution
24022_irnt,Average night-time sound level of noise pollution
K11_OESULC,Ulcer of oesophagus
100025_irnt,Vitamin E
104670,Vitamin supplement user
20494,Felt irritable or had angry outbursts in past month
R79,Diagnoses - main ICD10: R79 Other abnormal findings of blood chemistry
VIII_EAR_MASTOID,Diseases of the ear and mastoid process
6139_100,Gas or solid-fuel cooking/heating: None of the above
22507_raw,Age of stopping smoking
N40,Diagnoses - main ICD10: N40 Hyperplasia of prostate
22604_4,Work hours - lumped category: Over 40 hours
E4_OBESITY,Obesity
5201_raw,logMAR
22611_1,Workplace had a lot of cigarette smoke from other people smoking: Sometimes
5843_1,Which eye(s) affected by myopia (short sight): Right eye
OTHER_ILD_CVD_COMORB,Other ILD-related CVD-co-morbidities
PRIM_KNEEARTHROSIS,Primary gonarthrosis
5986_raw,ECG
20090_353,Type of fat/oil used in cooking: Olive oil
20447,Depression possibly related to stressful or traumatic event
100024_raw,Calcium
20111_6,Illnesses of siblings: Chronic bronchitis/emphysema
4407,Average monthly red wine intake
22601_24323289,Job coding: town planner
41248_1001,Destinations on discharge from hospital (recoded): Usual Place of residence: Living with relatives
E66,Diagnoses - main ICD10: E66 Obesity
J10_ASTHMA,Asthma
ASTHMA_CHILD,Childhood asthma (age<16)
G6_SLEEPAPNO,Sleep apnoea
J10_ASTHMA_MAIN,Asthma
ASTHMA_HOSPITAL1,Asthma
20003_1140879842,Treatment/medication code: propranolol
20471,Ever seen an un-real vision
2664_1,Reason for reducing amount of alcohol drunk: Illness or ill health
4620,Number of depression episodes
6144_2,Never eat eggs
20002_1081,Non-cancer illness code
20003_1141192410,Treatment/medication code: rosuvastatin
20003_1140876146,Treatment/medication code: rhinocort 50micrograms nasal spray
100590,Red wine intake
5162_irnt,6mm regularity index (left)
5088_irnt,Astigmatism angle (right)
S09,Diagnoses - main ICD10: S09 Other and unspecified injuries of head
22613_0,Worked with paints
6162_100,Types of transport used (excluding work): None of the above
20003_1140916282,Treatment/medication code: venlafaxine
20544_1,Mental health problems ever diagnosed by a professional: Social anxiety or social phobia
H80,Diagnoses - main ICD10: H80 Otosclerosis
R69,Diagnoses - main ICD10: R69 Unknown and unspecified causes of morbidity
M13_JOINTOTH,Other specific joint derangements/joint disorders
20110_4,Illnesses of mother: Bowel cancer
20110_3,Illnesses of mother: Lung cancer
22617_3539,Job SOC coding: Business and related associate professionals n.e.c.
20420_irnt,Longest period spent worried or anxious
R31,Diagnoses - main ICD10: R31 Unspecified haematuria
20454,Maximum frequency of taking cannabis
20111_4,Illnesses of siblings: Bowel cancer
22601_61143103,Job coding: houseparent
5156_irnt,3mm asymmetry index (left)
100250,Instant coffee intake
20002_1478,Non-cancer illness code
5992,ECG
K62,Diagnoses - main ICD10: K62 Other diseases of anus and rectum
5855_1,Which eye(s) affected by astigmatism: Right eye
22617_6114,Job SOC coding: Houseparents and residential wardens
M25,Diagnoses - main ICD10: M25 Other joint disorders
L40,Diagnoses - main ICD10: L40 Psoriasis
L12_PSORIASIS,Psoriasis
20003_1140909674,Treatment/medication code: cod liver oil capsule
20003_1140884444,Treatment/medication code: codeine
100240,Coffee consumed
100005_raw,Carbohydrate
22610_0,Workplace full of chemical or other fumes: Rarely/never
2664_4,Reason for reducing amount of alcohol drunk: Financial reasons
22617_2132,Job SOC coding: Software professionals
100004_irnt,Fat
100003_irnt,Protein
5162_raw,6mm regularity index (left)
3496,Wants to stop smoking
5386,Number of unenthusiastic/disinterested episodes
22601_23153402,Job coding: primary /junior school teacher or teaching professional
104090,Side salad intake
T81,Diagnoses - main ICD10: T81 Complications of procedures
20002_1123,Non-cancer illness code
12340_irnt,QRS duration
22617_2315,Job SOC coding: Primary and nursery education teaching professionals
K11_APPENDIX,Diseases of appendix
24005_irnt,Particulate matter air pollution (pm10); 2010
22605_raw,Work hours per week - exact value
N84,Diagnoses - main ICD10: N84 Polyp of female genital tract
20003_1140888646,Treatment/medication code: felodipine
22601_21212592,Job coding: civil engineer
22617_2112,Job SOC coding: Biological scientists and biochemists
20002_1471,Non-cancer illness code
5159_raw,3mm asymmetry index (right)
100006_irnt,Saturated fat
22601_32113072,Job coding: nurse (of any kind
20442,Lifetime number of depressed periods
I26,Diagnoses - main ICD10: I26 Pulmonary embolism
Z36,Diagnoses - main ICD10: Z36 Antenatal screening
E4_DM2,Type 2 diabetes
M13_DORSALGIANAS,Other/unspecified dorsalgia
22618_1,Breathing problems improved/stopped away from workplace or on holiday: Yes
6147_5,Reason for glasses/contact lenses: For a 'squint' or 'turn' in an eye since childhood (called 'strabismus')
6155_1,Vitamin and mineral supplements: Vitamin A
20003_1140909786,Treatment/medication code: beclometasone
20003_1141164828,Treatment/medication code: adcal-d3 1.5g/10micrograms chewable tablet
20003_1140888570,Treatment/medication code: flecainide
20003_1140909708,Treatment/medication code: furosemide
20003_1141177600,Treatment/medication code: rosiglitazone
22601_21323059,Job coding: software professional
41248_5000,Destinations on discharge from hospital (recoded): Transfer to other NHS provider
22610_2,Workplace full of chemical or other fumes: Often
22601_82112603,Job coding: heavy goods vehicle (hgv) driver
991,Frequency of strenuous sports in last 4 weeks
4244_irnt,Mean signal-to-noise ratio (SNR)
20463,Ever heard an un-real voice
4935,FI1 : numeric addition test
6156_100,Manic/hyper symptoms: None of the above
100023_raw,Starch
22617_2321,Job SOC coding: Scientific researchers
22601_42163095,Job coding: receptionist
G6_DISBROTHUNS,Disorders of brain
20107_2,Illnesses of father: Stroke
N47,Diagnoses - main ICD10: N47 Redundant prepuce
C3_RESPIRATORY_INTRATHORACIC,Malignant neoplasm of respiratory system and intrathoracic organs
C_RESPIRATORY_INTRATHORACIC,NA
20003_1141174520,Treatment/medication code: symbicort 100/6 turbohaler
5089_irnt,Astigmatism angle (left)
H7_RETINALDETACHOTH,Other
XV_PREGNANCY_BIRTH,Pregnancy
M13_ADHCAPSULITIS,Adhesive capsulitis of shoulder
20003_1140860954,Treatment/medication code: isosorbide mononitrate
20543,Number of things worried about during worst period of anxiety
6158_1,Why reduced smoking: Illness or ill health
20406,Ever addicted to alcohol
100023_irnt,Starch
100006_raw,Saturated fat
102800,Cheese consumers
22617_3211,Job SOC coding: Nurses
20118_12,Home area population density - urban or rural: Scotland - Other Urban Area
20422,More irritable than usual during worst period of anxiety
M19,Diagnoses - main ICD10: M19 Other arthrosis
22615_2,Workplace had a lot of diesel exhaust: Often
22617_2432,Job SOC coding: Town planners
4803_13,Tinnitus: Yes
R51,Diagnoses - main ICD10: R51 Headache
J45,Diagnoses - main ICD10: J45 Asthma
Z42,Diagnoses - main ICD10: Z42 Follow-up care involving plastic surgery
ASTHMA_OPPORTUNIST_INFECTIONS,NA
3090,Used an inhaler for chest within last hour
20003_1141146188,Treatment/medication code: latanoprost
20003_1140911658,Treatment/medication code: imigran 50mg tablet
K30,Diagnoses - main ICD10: K30 Dyspepsia
I9_HYPERTENSION,Hypertensive diseases
I9_K_CARDIAC,Death due to cardiac causes
6147_6,Reason for glasses/contact lenses: For a 'lazy' eye or an eye with poor vision since childhood (called 'amblyopia')
20002_1278,Non-cancer illness code
20003_1141182632,Treatment/medication code: spiriva 18micrograms inhalation capsule
100025_raw,Vitamin E
H40,Diagnoses - main ICD10: H40 Glaucoma
M13,Diagnoses - main ICD10: M13 Other arthritis
RHEU_ARTHRITIS_OTH,Other arthritis (FG)
FIBRO_COMORB,Fibromyalgia related co-morbidities
22601_23213026,Job coding: scientific researcher
100920_2104,Type milk consumed: wholemilk
5779,FI11 : antonym
22617_8211,Job SOC coding: Heavy goods vehicle drivers
L72,Diagnoses - main ICD10: L72 Follicular cysts of skin and subcutaneous tissue
J47,Diagnoses - main ICD10: J47 Bronchiectasis
R04,Diagnoses - main ICD10: R04 Haemorrhage from respiratory passages
20111_5,Illnesses of siblings: Breast cancer
K63,Diagnoses - main ICD10: K63 Other diseases of intestine
F10,Diagnoses - main ICD10: F10 Mental and behavioural disorders due to use of alcohol
20003_1141168318,Treatment/medication code: clopidogrel
20548_6,Manifestations of mania or irritability: I was more creative or had more ideas than usual
100003_raw,Protein
ASTHMA_PNEUMONIA,Asthma-related pneumonia
PNEUMONIA,Pneumonias (Asthma/COPD co-morbidities)
680_5,Own or rent accommodation lived in: Pay part rent and part mortgage (shared ownership)
20532,Did your sleep change?
20107_11,Illnesses of father: Parkinson's disease
22617_4114,Job SOC coding: Officers of non-governmental organisations
K76,Diagnoses - main ICD10: K76 Other diseases of liver
Z47,Diagnoses - main ICD10: Z47 Other orthopaedic follow-up care
M81,Diagnoses - main ICD10: M81 Osteoporosis without pathological fracture
T86,Diagnoses - main ICD10: T86 Failure and rejection of transplanted organs and tissues
H7_ENTROPION,Entropion and trichiasis of eyelid
20002_1371,Non-cancer illness code
20003_1140871052,Treatment/medication code: calcium carbonate+cholecalciferol 1.25g/5micrograms tablet
100580,Alcohol consumed
20449,Feelings of tiredness during worst episode of depression
K85,Diagnoses - main ICD10: K85 Acute pancreatitis
20003_1187,Treatment/medication code: chondroitin product
M47,Diagnoses - main ICD10: M47 Spondylosis
M13_SOFTTISSUENAS,Other specified/unspecified soft tissue disorders
22660_106,Gap coding: Unable to work due to sickness or disability
22601_41143216,Job coding: officer of ngo
1707_3,Handedness (chirality/laterality): Use both right and left hands equally
20003_1140864952,Treatment/medication code: lisinopril+hydrochlorothiazide 10mg/12.5mg tablet
22617_2111,Job SOC coding: Chemists
20090_371,Type of fat/oil used in cooking: Polyunsaturated margarine
Z03,Diagnoses - main ICD10: Z03 Medical observation and evaluation for suspected diseases and conditions
22612_2,Worked with materials containing asbestos: Often
20003_1140878036,Treatment/medication code: diclofenac sodium+misoprostol
22617_3311,Job SOC coding: NCOs and other ranks
3005,Fracture resulting from simple fall
102250,Sweet snack consumers
1508_4,Coffee type: Other type of coffee
6139_1,Gas or solid-fuel cooking/heating: A gas hob or gas cooker
20003_1140909790,Treatment/medication code: chlorphenamine
20003_1140910766,Treatment/medication code: nicorandil
6157_4,Why stopped smoking: Financial reasons
5832_1,Which eye(s) affected by hypermetropia (long sight): Right eye
COPD_OPPORTUNIST_INFECTIONS,COPD related to chronic (opportunist) infections
1448_4,Bread type: Other type of bread
20107_10,Illnesses of father: Alzheimer's disease/dementia
20003_1140875486,Treatment/medication code: colchicine
22506_112,Tobacco smoking: Occasionally
E87,Diagnoses - main ICD10: E87 Other disorders of fluid
20003_1140929012,Treatment/medication code: pantoprazole
6153_5,Medication for cholesterol
102700,Starchy food consumers
S42,Diagnoses - main ICD10: S42 Fracture of shoulder and upper arm
I_INFECT_PARASIT,Certain infectious and parasitic diseases
I9_HYPTENS,Hypertension
20002_1311,Non-cancer illness code
20002_1439,Non-cancer illness code
20003_1140862476,Treatment/medication code: beclazone 50 inhaler
20003_1140884464,Treatment/medication code: dihydrocodeine
20003_1140851812,Treatment/medication code: gtn 400micrograms spray
20003_1140864070,Treatment/medication code: kapake tablet
6020_33,Completion status of test: Heart rate reached safety level
22660_105,Gap coding: Looking after the home and/or family
M15,Diagnoses - main ICD10: M15 Polyarthrosis
ENDOMETRIOSIS_NOS,Unsepcified/other endometriosis
1418_5,Milk type used: Other type of milk
24009,Traffic intensity on the nearest road
6177_3,Medication for cholesterol
20002_1067,Non-cancer illness code
20114_101,Illnesses of adopted siblings: None of the above (group 2)
IV_ENDOCRIN_NUTRIT,Endocrine
22601_34123157,Job coding: author
6147_3,Reason for glasses/contact lenses: For just reading/near work as you are getting older (called 'presbyopia')
22601_33113434,Job coding: non-commissioned officers or other rank of armed forces
20003_1140874930,Treatment/medication code: prednisolone
20003_1141166006,Treatment/medication code: telmisartan
20003_1140862148,Treatment/medication code: serevent 25mcg inhaler
100890,Milk added to cereal
F32,Diagnoses - main ICD10: F32 Depressive episode
M13_HAMMERTOE,Other hammer toe(s) (acquired)
2654_7,Non-butter spread type details: Polyunsaturated/sunflower oil based spread (eg: Flora)
22601_21133023,Job coding: physicist
1001,Duration of strenuous sports
40001_C459,Underlying (primary) cause of death: ICD10: C45.9 Mesothelioma
20002_1331,Non-cancer illness code
D17,Diagnoses - main ICD10: D17 Benign lipomatous neoplasm
C34,Diagnoses - main ICD10: C34 Malignant neoplasm of bronchus and lung
S01,Diagnoses - main ICD10: S01 Open wound of head
G6_POLYOTHUNS,Other and unspecified polyneuropathies
20002_1201,Non-cancer illness code
20003_1140883066,Treatment/medication code: insulin product
1747_6,Hair colour (natural
24005_raw,Particulate matter air pollution (pm10); 2010
100018_raw,Retinol
22601_92193312,Job coding: other general office clerical tasks including: office junior
M13_RHEUMA,Rheumatoid arthritis
C02,Diagnoses - main ICD10: C02 Malignant neoplasm of other and unspecified parts of tongue
M67,Diagnoses - main ICD10: M67 Other disorders of synovium and tendon
I71,Diagnoses - main ICD10: I71 Aortic aneurysm and dissection
M13_LATERALEPICOND,Lateral epicondylitis
6145_5,Illness
20002_1202,Non-cancer illness code
20003_1140876076,Treatment/medication code: flixonase 50micrograms aqueous nasal spray
20003_1140865354,Treatment/medication code: gaviscon liquid
20003_1141174508,Treatment/medication code: reductil 10mg capsule
22601_11853100,Job coding: residential manager
24020_raw,Average daytime sound level of noise pollution
24021_raw,Average evening sound level of noise pollution
24022_raw,Average night-time sound level of noise pollution
24023_raw,Average 16-hour sound level of noise pollution
24024_raw,Average 24-hour sound level of noise pollution
20541,Difficulty stopping worrying during worst period of anxiety
22611_0,Workplace had a lot of cigarette smoke from other people smoking: Rarely/never
20411_0,Ever been injured or injured someone else through drinking alcohol: No
22601_35132648,Job coding: ship's engineer
20003_1140925800,Treatment/medication code: movicol oral powder
103990,Vegetable consumers
J84,Diagnoses - main ICD10: J84 Other interstitial pulmonary diseases
H7_EYELIDFUNC,Other disorders affecting eyelid function
20003_99999,Treatment/medication code: Free-text entry
20003_1140872228,Treatment/medication code: gabapentin
5463,Leg pain in calf/calves
3839,Number of spontaneous miscarriages
K20,Diagnoses - main ICD10: K20 Oesophagitis
I9_CARDMPRI,Cardiomyopathies
M13_ARTHRITISNAS,Ohter specific/unspecified arthritis
CHRONNAS,Chron's disease NAS
20003_1140909788,Treatment/medication code: sodium cromoglicate
20003_1140927328,Treatment/medication code: terbinafine
22601_21133024,Job coding: mathematician
22617_3412,Job SOC coding: Authors
22601_24413202,Job coding: civil service senior manager outside the senior civil service (former grades 6 and 7)
22617_2329,Job SOC coding: Researchers n.e.c.
104450,Apple intake
6039,Duration of fitness test
2877_2,Type of tobacco previously smoked: Hand-rolled cigarettes
L57,Diagnoses - main ICD10: L57 Skin changes due to chronic exposure to nonionising radiation
L12_NONIONRADISKIN,Skin changes due to chronic exposure to nonionizing radiation
T50,Diagnoses - main ICD10: T50 Poisoning by diuretics and other and unspecified drugs
J18,Diagnoses - main ICD10: J18 Pneumonia
M13_DISSYNOTENDNAS,Other specified/unspecified disorders of synovium and tendon +Other specified/unspecified bursopathies
M13_GANGLION,Ganglion
6141_4,How are people in household related to participant: Mother and/or father
20003_1193,Treatment/medication code: omega-3/fish oil supplement
24008_irnt,Particulate matter air pollution 2.5-10um; 2010
100730,Spirits intake
22613_2,Worked with paints
22617_9219,Job SOC coding: Elementary office occupations n.e.c.
3669,Lifetime number of same-sex sexual partners
20084_480,Vitamin and/or mineral supplement use: Vitamin E
5375_irnt,Longest period of unenthusiasm / disinterest
SPONDYLOPATHY_FG,Spondylopathies (FG)
100670,White wine intake
4195_raw,Pulse wave reflection index
22617_8215,Job SOC coding: Driving instructors
104340,Fresh tomato intake
20426,Restless during period of worst anxiety
M13_OLECRANONBURSITIS,Olecranon bursitis
4429,Average monthly beer plus cider intake
K35,Diagnoses - main ICD10: K35 Acute appendicitis
20492,Longest period of mania or irritability
40001_C349,Underlying (primary) cause of death: ICD10: C34.9 Bronchus or lung
20084_478,Vitamin and/or mineral supplement use: Vitamin C
H53,Diagnoses - main ICD10: H53 Visual disturbances
I12,Diagnoses - main ICD10: I12 Hypertensive renal disease
H7_VISUDISTURB,Visual disturbances
20002_1494,Non-cancer illness code
20002_1442,Non-cancer illness code
20003_1140876592,Treatment/medication code: multivitamin+mineral preparations
R32,Diagnoses - main ICD10: R32 Unspecified urinary incontinence
S62,Diagnoses - main ICD10: S62 Fracture at wrist and hand level
20002_1398,Non-cancer illness code
20002_1266,Non-cancer illness code
20002_1281,Non-cancer illness code
20003_2038459814,Treatment/medication code: digoxin
20003_1140883548,Treatment/medication code: ipratropium
20003_1141152998,Treatment/medication code: irbesartan
20546_1,Substances taken for depression: Unprescribed medication (more than once)
20537,Frequency of difficulty controlling worry during worst period of anxiety
20002_1261,Non-cancer illness code
6153_3,Medication for cholesterol
2986,Started insulin within one year diagnosis of diabetes
D3_ANAEMIANAS,Other and unspecified anaemias
20003_1140884412,Treatment/medication code: sumatriptan
20419,Difficulty concentrating during worst period of anxiety
30500_raw,Microalbumin in urine
100160,Low calorie drink intake
22617_3431,Job SOC coding: Journalists
2664_2,Reason for reducing amount of alcohol drunk: Doctor's advice
C43,Diagnoses - main ICD10: C43 Malignant melanoma of skin
20003_1140873476,Treatment/medication code: tetralysal 300 capsule
100007_raw,Polyunsaturated fat
22601_21113020,Job coding: chemist (analytic
22617_3513,Job SOC coding: Ship and hovercraft officers
20003_1141175684,Treatment/medication code: risedronate sodium
22617_3222,Job SOC coding: Occupational therapists
20540,Multiple worries during worst period of anxiety
H65,Diagnoses - main ICD10: H65 Nonsuppurative otitis media
M53,Diagnoses - main ICD10: M53 Other dorsopathies
I42,Diagnoses - main ICD10: I42 Cardiomyopathy
M13_DORSOPATHYOTH,Other dorsopathies
20002_1137,Non-cancer illness code
20003_1140911732,Treatment/medication code: garlic product
20003_1140863202,Treatment/medication code: temazepam
20544_7,Mental health problems ever diagnosed by a professional: Obsessive compulsive disorder (OCD)
100920_2102,Type milk consumed: semiskimmed
5843_3,Which eye(s) affected by myopia (short sight): Both eyes
J34,Diagnoses - main ICD10: J34 Other disorders of nose and nasal sinuses
R19,Diagnoses - main ICD10: R19 Other symptoms and signs involving the digestive system and abdomen
S82,Diagnoses - main ICD10: S82 Fracture of lower leg
KRA_PSY_DEMENTIA,Any dementia
C3_MESOTHELIOMA,Mesothelioma
GLOMER_NEPHRITIS,Glomerulonephritis
C_MESOTHELIOMA,Mesothelioma
20003_1140863152,Treatment/medication code: diazepam
22617_4216,Job SOC coding: Receptionists
D64,Diagnoses - main ICD10: D64 Other anaemias
T39,Diagnoses - main ICD10: T39 Poisoning by nonopioid analgesics
I9_AORTDIS,Dissection of aorta
D3_OTHERANAEMIA,Other anaemias
24010_irnt,Inverse distance to the nearest road
3741,Stomach/abdominal pain for 3+ months
L12_ACTINKERA,Actinic keratosis
5163_raw,3mm regularity index (left)
RHEUMA_NOS,Other/unspecified rheumatoid arthritis
22601_34313159,Job coding: journalist
12340_raw,QRS duration
104020,Fried potatoes intake
22617_2441,Job SOC coding: Public service administrative professionals
20111_13,Illnesses of siblings: Prostate cancer
22617_9121,Job SOC coding: Labourers in building and woodworking trades
20084_473,Vitamin and/or mineral supplement use: Glucosamine/chondroitin
20407,Frequency of failure to fulfil normal expectations due to drinking alcohol in last year
6015,Chest pain felt during physical activity
4609_irnt,Longest period of depression
22601_21123021,Job coding: biologist
20003_1140871024,Treatment/medication code: vitamin b compound tablet
6020_1,Completion status of test: Fully completed
22617_9149,Job SOC coding: Other goods handling and storage occupations n.e.c.
C_STROKE,STROKE
I9_HYPTENSHR,Hypertensive heart and/or renal disease
2877_3,Type of tobacco previously smoked: Cigars or pipes
20002_99999,Non-cancer illness code
20002_1454,Non-cancer illness code
20003_1140870788,Treatment/medication code: calcium salts
20003_1140876136,Treatment/medication code: beconase 50micrograms nasal spray
20003_1140911698,Treatment/medication code: slozem 120mg m/r capsule
I35,Diagnoses - main ICD10: I35 Nonrheumatic aortic valve disorders
I31,Diagnoses - main ICD10: I31 Other diseases of pericardium
H7_GLAUCNAS,Other and unspecified glaucoma
M13_MUSCLE,Disorders of muscles
20002_1408,Non-cancer illness code
C67,Diagnoses - main ICD10: C67 Malignant neoplasm of bladder
D86,Diagnoses - main ICD10: D86 Sarcoidosis
H7_ECTROPION,Ectropion of eyelid
20002_1126,Non-cancer illness code
20003_1141182628,Treatment/medication code: tiotropium
104460,Banana intake
22133,Doctor diagnosed sarcoidosis
20455_irnt,Age when last took cannabis
22506_111,Tobacco smoking: Smokes on most or all days
E4_DM1KETO,Type 1 diabetes with ketoacidosis
20089_465,Type of meals eaten: Home cooked meals
20111_2,Illnesses of siblings: Stroke
6158_3,Why reduced smoking: Health precaution
20090_374,Type of fat/oil used in cooking: Normal fat polyunsaturated margarine
40001_J841,Underlying (primary) cause of death: ICD10: J84.1 Other interstitial pulmonary diseases with fibrosis
22650_9,Night shifts worked: This type of shift pattern was not worked during job
22617_3533,Job SOC coding: Insurance underwriters
22601_41503307,Job coding: general office assistant/clerk
22601_82152612,Job coding: driving instructor
100018_irnt,Retinol
20544_3,Mental health problems ever diagnosed by a professional: Any other type of psychosis or psychotic illness
5518,Leg pain on walking : effect of standing still
20126_5,Bipolar and major depression status: Single Probable major depression episode
22601_81322815,Job coding: assembler
20126_1,Bipolar and major depression status: Bipolar I Disorder
22617_4150,Job SOC coding: General office assistants/clerks
6156_11,Manic/hyper symptoms: I was more active than usual
100170,Fizzy drink intake
20096_1,Size of red wine glass drunk: small (125ml)
I95,Diagnoses - main ICD10: I95 Hypotension
M06,Diagnoses - main ICD10: M06 Other rheumatoid arthritis
T18,Diagnoses - main ICD10: T18 Foreign body in alimentary tract
R61,Diagnoses - main ICD10: R61 Hyperhidrosis
R91,Diagnoses - main ICD10: R91 Abnormal findings on diagnostic imaging of lung
N60,Diagnoses - main ICD10: N60 Benign mammary dysplasia
M13_SPONDYLINFLAMNAS,Other specified/unspecified inflammatory spondylopathies
STILL_ADULT,Adult-onset Still disease
670_4,Type of accommodation lived in: Sheltered accommodation
20001_1073,Cancer code
22601_12233383,Job coding: restaurant or catering manager
24012_irnt,Inverse distance to the nearest major road
5156_raw,3mm asymmetry index (left)
20089_462,Type of meals eaten: Restaurant meals
5663,Length of longest manic/irritable episode
5855_3,Which eye(s) affected by astigmatism: Both eyes
22601_21313058,Job coding: it strategy or planning professional